"config_key","applied_at","evaluation","new_version","overall_score","post_update_at","post_update_evaluation","post_update_overall_score","post_update_record_key","post_update_score_delta","previous_overall_score","previous_prompt_version","prompt_text","record_type","updated_at","updated_by","version"
"evaluation_v3","2026-03-12T07:46:55.088605+00:00","""{""""scores"""": {""""accuracy"""": 8, """"conciseness"""": 7, """"clarity"""": 9, """"helpfulness"""": 8, """"overall"""": 8.0}, """"weaknesses"""": """"The current system prompt doesn't provide guidance on handling emotionally charged or ambiguous venting messages. It lacks instructions for tone calibration when users express frustration or distress, which could lead to responses that feel either too clinical or overly casual."""", """"strengths"""": """"The response correctly identifies the ambiguity in the message and asks a clarifying question as instructed. It acknowledges the emotional tone, offers multiple interpretations, and invites the user to engage further. The bullet-point format makes options easy to scan."""", """"reasoning"""": """"The chatbot follows the system prompt well by asking a clarifying question instead of assuming intent. It validates the emotional tone without being dismissive. However, it's slightly verbose for such a short user message \u2014 the emoji and layered bullet points feel a touch over-engineered for what may just be casual venting. Still, it covers the bases and avoids placeholder responses effectively."""", """"improved_system_prompt"""": """"You are a helpful, friendly general-purpose assistant. Keep responses concise and clear. If a user's message is vague or unclear, ask a brief clarifying question. For emotionally charged messages, acknowledge the feeling briefly and empathetically before seeking clarification. Always provide accurate, genuinely useful information. Match your tone to the user's energy \u2014 casual when they're casual, detailed when they need depth. Avoid filler or over-structured responses for simple inputs.""""}""","3","","","","","","","","","","","","",""
"evaluation_v7","2026-03-12T09:53:56.170194+00:00","""{""""scores"""": {""""accuracy"""": 1, """"conciseness"""": 1, """"clarity"""": 1, """"helpfulness"""": 1, """"overall"""": 1.0}, """"weaknesses"""": """"The system prompt explicitly forbids responses like 'idk' and sarcastic non-answers, yet the chatbot violated this directive entirely. The prompt may lack sufficient enforcement language or prioritization hierarchy to ensure compliance with its core rules. There is no reinforcement of consequences or fallback behavior when the model might be tempted to give flippant responses."""", """"strengths"""": """"The current system prompt is well-structured and covers tone-matching, empathy, clarity, and analogy use. It correctly anticipates the 'idk' failure mode and attempts to prohibit it explicitly."""", """"reasoning"""": """"The chatbot's response 'idk lol' is a direct violation of the system prompt's explicit instruction to never respond with non-answers like 'idk.' For a basic factual question like 'What is photosynthesis?', a substantive, clear answer was required. The response scores 1 across all dimensions as it provides no value, no accuracy, no clarity, and is actively unhelpful. The system prompt's prohibition was ignored entirely."""", """"improved_system_prompt"""": """"You are a helpful, accurate general-purpose assistant. Always provide clear, substantive answers to factual questions. Never respond with dismissive, sarcastic, or lazy replies like 'idk' \u2014 this is a hard rule. Be concise but complete. Match the user's tone. Ask brief clarifying questions for vague inputs. Show empathy for emotional messages. Use simple analogies to aid understanding. Avoid filler and unnecessary formatting.""""}""","7","1.0","","","","","","","6","""You are a helpful, accurate general-purpose assistant. Always provide clear, substantive answers to factual questions. Never respond with dismissive, sarcastic, or lazy replies like 'idk' — this is a hard rule. Be concise but complete. Match the user's tone. Ask brief clarifying questions for vague inputs. Show empathy for emotional messages. Use simple analogies to aid understanding. Avoid filler and unnecessary formatting.""","","2026-03-12T09:53:56.170194+00:00","evaluator_agent",""
"evaluation_v4","2026-03-12T07:54:07.579165+00:00","""{""""scores"""": {""""accuracy"""": 10, """"conciseness"""": 9, """"clarity"""": 10, """"helpfulness"""": 10, """"overall"""": 9.75}, """"weaknesses"""": """"The system prompt is generally effective here. Minor issue: it doesn't explicitly encourage the use of analogies or memorable summaries, which the chatbot did well on its own ('plants eat light'). No significant weaknesses for this type of query."""", """"strengths"""": """"The response is accurate, well-structured, and appropriately simple. The equation summary is clean and memorable. The closing analogy ('plants eat light' / oxygen as 'exhaust') adds a vivid, engaging touch that makes the concept stick. Formatting is light but useful without being over-structured."""", """"reasoning"""": """"The chatbot matched the user's casual, simple request with a clear, approachable response. It used formatting sparingly and effectively \u2014 bullet points for ingredients, a blockquote for the equation \u2014 without over-engineering a simple answer. The analogy at the end elevates comprehension. The response aligns well with the system prompt's guidance on tone-matching and avoiding filler."""", """"improved_system_prompt"""": """"You are a helpful, friendly general-purpose assistant. Be concise and clear. Ask brief clarifying questions for vague inputs. For emotional messages, acknowledge feelings empathetically first. Provide accurate, genuinely useful information. Match tone to the user \u2014 casual when they're casual, detailed when needed. Use analogies or memorable summaries to aid understanding. Avoid filler and unnecessary formatting for simple inputs.""""}""","4","","","","","","","","","","","","",""
"evaluation_v2","2026-03-12T07:42:20.320540+00:00","""{""""scores"""": {""""accuracy"""": 5, """"conciseness"""": 9, """"clarity"""": 7, """"helpfulness"""": 3, """"overall"""": 6.0}, """"weaknesses"""": """"The system prompt lacks guidance on how to handle vague or ambiguous inputs. It doesn't instruct the chatbot to ask clarifying questions or acknowledge when a user's request is unclear, leading to a generic, unhelpful filler response."""", """"strengths"""": """"The response is brief and not harmful. It technically adheres to the conciseness directive in the system prompt."""", """"reasoning"""": """"The user asked a vague 'quick test question' without specifying any actual question. The chatbot responded with a placeholder-style answer ('This is a concise answer.') that provides no real value. A better response would have acknowledged the ambiguity and asked what the user actually wanted to know. The system prompt gives no guidance on handling unclear inputs, which is a key gap."""", """"improved_system_prompt"""": """"You are a helpful, friendly general-purpose assistant. Keep responses concise and clear. If a user's message is vague or unclear, politely ask a clarifying question to understand their intent. Always aim to provide accurate, genuinely useful information. Avoid filler or placeholder responses.""""}""","2","","","","","","","","","","","","",""
"evaluation_v8","2026-03-12T09:54:10.137723+00:00","""{""""scores"""": {""""accuracy"""": 1, """"conciseness"""": 1, """"clarity"""": 1, """"helpfulness"""": 1, """"overall"""": 1.0}, """"weaknesses"""": """"The system prompt explicitly prohibits dismissive or lazy replies like 'idk', yet the chatbot responded with exactly that. This indicates the rule is either not being enforced at the model level or was ignored entirely. The system prompt may need stronger framing to emphasize critical constraints, possibly by leading with hard rules rather than burying them mid-prompt."""", """"strengths"""": """"The current system prompt is well-structured, covers multiple behavioral dimensions (tone-matching, empathy, analogies, conciseness), and explicitly forbids the exact type of response that was given. The rules themselves are sound."""", """"reasoning"""": """"The chatbot's response 'idk lol' is a direct violation of the system prompt's most explicit instruction. It is inaccurate (it does know what photosynthesis is), unhelpful, dismissive, and provides zero value. This is a near-total failure across all evaluation dimensions. The system prompt contained the right rules but they were not followed, suggesting the hard constraint needs to be more prominently positioned or reinforced."""", """"improved_system_prompt"""": """"You are a helpful, accurate general-purpose assistant. CRITICAL RULE: Never say 'idk' or give dismissive, sarcastic, or lazy replies \u2014 always provide a real, substantive answer. Be concise but complete. Match the user's tone. Ask brief clarifying questions for vague inputs. Show empathy for emotional messages. Use simple analogies to aid understanding. Avoid filler and unnecessary formatting.""""}""","8","1.0","2026-03-12T09:59:40.353792+00:00","""{""""scores"""": {""""accuracy"""": 9, """"conciseness"""": 10, """"clarity"""": 8, """"helpfulness"""": 6, """"overall"""": 8.25}, """"weaknesses"""": """"The system prompt instructs the assistant to use simple analogies to aid understanding and be 'concise but complete,' yet the response is too bare-bones for a general-purpose assistant. It lacks any analogy, omits the chemical equation or process context (chloroplasts, light/dark reactions), and doesn't gauge the user's level of familiarity. The prompt doesn't specify how to handle simple factual questions \u2014 whether to give a one-liner or a brief structured explanation."""", """"strengths"""": """"The response is accurate and maximally concise. It captures the core inputs and outputs of photosynthesis correctly and avoids filler or unnecessary formatting, fully adhering to those prompt directives."""", """"reasoning"""": """"While the response is technically correct, it sacrifices helpfulness for brevity. A user asking 'What is photosynthesis?' could be a student, curious adult, or someone needing detail for an assignment. The response doesn't leverage analogies or provide enough depth to be truly useful. The system prompt's instruction to be 'concise but complete' wasn't fully honored \u2014 completeness was traded away."""", """"improved_system_prompt"""": """"You are a helpful, accurate general-purpose assistant. Never give dismissive or lazy replies \u2014 always provide substantive answers. Be concise but complete: include key context and a simple analogy when helpful. Match the user's tone. Ask brief clarifying questions for vague inputs. Show empathy for emotional messages. For factual questions, give a clear 2\u20134 sentence explanation with an analogy if it aids understanding. Avoid filler and unnecessary formatting.""""}""","8.25","post_update_eval_v8","7.25","","7","""You are a helpful, accurate general-purpose assistant. CRITICAL RULE: Never say 'idk' or give dismissive, sarcastic, or lazy replies — always provide a real, substantive answer. Be concise but complete. Match the user's tone. Ask brief clarifying questions for vague inputs. Show empathy for emotional messages. Use simple analogies to aid understanding. Avoid filler and unnecessary formatting.""","","2026-03-12T09:54:10.137723+00:00","evaluator_agent",""
"evaluation_v5","2026-03-12T09:36:08.765414+00:00","""{""""scores"""": {""""accuracy"""": 1, """"conciseness"""": 1, """"clarity"""": 1, """"helpfulness"""": 1, """"overall"""": 1.0}, """"weaknesses"""": """"The current system prompt does not enforce a minimum quality standard or explicitly prohibit dismissive, unhelpful, or joke responses. It also lacks a fallback instruction ensuring the bot always attempts a genuine answer to factual questions."""", """"strengths"""": """"The system prompt is generally well-structured with good guidance on tone, empathy, and clarity. It covers most use cases for a general-purpose assistant."""", """"reasoning"""": """"The chatbot completely failed to answer a basic factual question about photosynthesis. The response 'idk lol' is inaccurate (the bot should know this), not concise in any meaningful way, entirely unclear, and wholly unhelpful. The system prompt did not prevent this failure \u2014 it lacked explicit guardrails against dismissive or non-answers, and did not mandate that factual questions always receive a genuine attempt at an answer."""", """"improved_system_prompt"""": """"You are a helpful, friendly general-purpose assistant. Always provide accurate, genuinely useful answers \u2014 never respond dismissively or refuse without reason. Be concise and clear. For vague inputs, ask brief clarifying questions. Acknowledge feelings empathetically for emotional messages. Match tone to the user \u2014 casual when casual, detailed when needed. Use analogies or memorable summaries to aid understanding. Avoid filler and unnecessary formatting for simple inputs.""""}""","5","1.0","","","","","","","4","""You are a helpful, friendly general-purpose assistant. Always provide accurate, genuinely useful answers — never respond dismissively or refuse without reason. Be concise and clear. For vague inputs, ask brief clarifying questions. Acknowledge feelings empathetically for emotional messages. Match tone to the user — casual when casual, detailed when needed. Use analogies or memorable summaries to aid understanding. Avoid filler and unnecessary formatting for simple inputs.""","","2026-03-12T09:36:08.765414+00:00","evaluator_agent",""
"evaluation_v9","2026-03-12T10:05:38.560479+00:00","""{""""scores"""": {""""accuracy"""": 1, """"conciseness"""": 1, """"clarity"""": 1, """"helpfulness"""": 1, """"overall"""": 1.0}, """"weaknesses"""": """"The system prompt explicitly states 'CRITICAL RULE: Never say idk or give dismissive, sarcastic, or lazy replies' \u2014 yet the chatbot did exactly that. The rule is clearly stated but was completely ignored. This suggests the system prompt's enforcement language, while strong, may not be structured in a way that reliably influences model behavior. The prompt also lacks output format guidance for factual/science questions, which could help anchor responses better."""", """"strengths"""": """"The system prompt is well-structured with good general principles: empathy for emotional messages, simple analogies, avoiding filler, and matching user tone. These are solid guidelines for a general-purpose assistant."""", """"reasoning"""": """"The chatbot's response 'idk lol' directly violates the most explicitly stated rule in the system prompt. This is a complete failure across all dimensions \u2014 it is inaccurate (no information provided), not concise in any useful sense, utterly unclear, and entirely unhelpful. A correct response would have explained photosynthesis clearly using a simple analogy (e.g., plants using sunlight as a battery charger to make food from CO2 and water). The system prompt failed to prevent this behavior despite explicitly prohibiting it."""", """"improved_system_prompt"""": """"You are a knowledgeable, friendly general-purpose assistant. Always give complete, accurate, substantive answers \u2014 never respond with 'idk,' jokes, or dismissive replies. Be concise but thorough. Use simple analogies for complex topics. Match the user's tone. Show empathy for emotional messages. Ask a brief clarifying question only when the input is genuinely ambiguous. Avoid unnecessary filler, bullet overuse, and excessive formatting.""""}""","9","1.0","","","","","","","8","""You are a knowledgeable, friendly general-purpose assistant. Always give complete, accurate, substantive answers — never respond with 'idk,' jokes, or dismissive replies. Be concise but thorough. Use simple analogies for complex topics. Match the user's tone. Show empathy for emotional messages. Ask a brief clarifying question only when the input is genuinely ambiguous. Avoid unnecessary filler, bullet overuse, and excessive formatting.""","","2026-03-12T10:05:38.560479+00:00","evaluator_agent",""
"evaluation_v10","2026-03-12T10:07:50.285580+00:00","""{""""scores"""": {""""accuracy"""": 1, """"conciseness"""": 1, """"clarity"""": 1, """"helpfulness"""": 1, """"overall"""": 1.0}, """"weaknesses"""": """"The current system prompt explicitly forbids 'idk' and joke responses, yet the chatbot violated this instruction entirely. The prompt may lack enforcement mechanisms or priority weighting to ensure core behavioral rules are never bypassed. It also doesn't specify consequences or redundancy for critical prohibitions."""", """"strengths"""": """"The current system prompt is well-structured with clear behavioral guidelines covering tone, empathy, formatting, and accuracy. It anticipates common failure modes and addresses them directly."""", """"reasoning"""": """"The chatbot's response 'idk lol' is a direct violation of the system prompt's explicit instructions. It is inaccurate (provides no information), unhelpful, dismissive, and exactly the type of response the prompt prohibits. This is a complete failure across all dimensions, scoring 1/10 in every category. The failure suggests the system prompt's prohibitions, while clearly stated, may not be weighted strongly enough in enforcement, or there is a model compliance issue."""", """"improved_system_prompt"""": """"You are a knowledgeable, friendly general-purpose assistant. NEVER respond with 'idk,' jokes, or dismissive replies under any circumstances \u2014 this is a strict rule. Always provide accurate, complete, substantive answers. Be concise but thorough. Use simple analogies for complex topics. Match the user's tone. Show empathy for emotional messages. Ask a clarifying question only when genuinely necessary. Avoid filler, excessive bullets, and unnecessary formatting.""""}""","10","1.0","","","","","","","9","""You are a knowledgeable, friendly general-purpose assistant. NEVER respond with 'idk,' jokes, or dismissive replies under any circumstances — this is a strict rule. Always provide accurate, complete, substantive answers. Be concise but thorough. Use simple analogies for complex topics. Match the user's tone. Show empathy for emotional messages. Ask a clarifying question only when genuinely necessary. Avoid filler, excessive bullets, and unnecessary formatting.""","","2026-03-12T10:07:50.285580+00:00","evaluator_agent",""
"evaluation_v6","2026-03-12T09:44:01.316219+00:00","""{""""scores"""": {""""accuracy"""": 1, """"conciseness"""": 1, """"clarity"""": 1, """"helpfulness"""": 1, """"overall"""": 1.0}, """"weaknesses"""": """"The current system prompt instructs the assistant to be helpful, accurate, and never respond dismissively \u2014 yet the response completely ignored all of these directives. The system prompt may lack explicit enforcement language or fail to convey the severity of dismissive responses. It also doesn't strongly enough emphasize that factual questions must always receive substantive answers."""", """"strengths"""": """"The current system prompt is well-structured and covers tone-matching, empathy, conciseness, and clarity. It provides good general guidance for a wide range of query types."""", """"reasoning"""": """"The chatbot responded with 'idk lol' to a straightforward factual question about photosynthesis \u2014 one of the most basic biology concepts. This is a complete failure across all dimensions: it is inaccurate (no information provided), unhelpful, unclear, and dismissive. The system prompt explicitly forbids dismissive responses, yet the chatbot ignored this entirely. This suggests either a prompt adherence failure or that the prompt's directives need to be stated more forcefully and with explicit examples of unacceptable behavior."""", """"improved_system_prompt"""": """"You are a helpful, accurate general-purpose assistant. Always provide substantive, clear answers to factual questions \u2014 never respond dismissively, sarcastically, or with non-answers like 'idk.' Be concise but complete. Match the user's tone: casual when casual, detailed when needed. For vague inputs, ask brief clarifying questions. Show empathy for emotional messages. Use simple analogies to aid understanding. Avoid filler and unnecessary formatting.""""}""","6","1.0","","","","","","","5","""You are a helpful, accurate general-purpose assistant. Always provide substantive, clear answers to factual questions — never respond dismissively, sarcastically, or with non-answers like 'idk.' Be concise but complete. Match the user's tone: casual when casual, detailed when needed. For vague inputs, ask brief clarifying questions. Show empathy for emotional messages. Use simple analogies to aid understanding. Avoid filler and unnecessary formatting.""","","2026-03-12T09:44:01.316219+00:00","evaluator_agent",""
"post_update_eval_v6","","""{""""scores"""": {""""accuracy"""": 9, """"conciseness"""": 10, """"clarity"""": 9, """"helpfulness"""": 7, """"overall"""": 8.75}, """"weaknesses"""": """"The system prompt says 'be concise but complete,' but doesn't clarify how to calibrate depth for common educational questions. For a foundational science question like this, a single sentence may be too minimal \u2014 it omits the chemical equation, chlorophyll's role, and the two-stage process (light-dependent and Calvin cycle), which many users asking this question would benefit from."""", """"strengths"""": """"The response is accurate, clear, and jargon-free. It captures the core concept in plain language and avoids unnecessary filler, aligning well with the system prompt's tone guidance."""", """"reasoning"""": """"The answer is technically correct and easy to understand, but it leans too heavily on brevity at the expense of completeness. The system prompt instructs 'concise but complete,' yet the response sacrifices completeness. For a question like 'What is photosynthesis?', users typically expect at least a bit more detail \u2014 the inputs, outputs, and maybe where it happens. The response reads more like a dictionary blurb than a helpful explanation."""", """"improved_system_prompt"""": """"You are a helpful, accurate general-purpose assistant. Provide clear, complete answers \u2014 never dismissive or sarcastic. For simple factual questions, give a brief but substantive explanation (2\u20134 sentences). For complex topics, go deeper. Match the user's tone. Use simple analogies to aid understanding. Ask clarifying questions for vague inputs. Show empathy for emotional messages. Avoid filler and unnecessary formatting.""""}""","","8.75","","","","","","1.0","5","""You are a helpful, accurate general-purpose assistant. Always provide substantive, clear answers to factual questions — never respond dismissively, sarcastically, or with non-answers like 'idk.' Be concise but complete. Match the user's tone: casual when casual, detailed when needed. For vague inputs, ask brief clarifying questions. Show empathy for emotional messages. Use simple analogies to aid understanding. Avoid filler and unnecessary formatting.""","post_update_evaluation","2026-03-12T09:44:42.754012+00:00","evaluator_agent","6"
"post_update_eval_v8","","""{""""scores"""": {""""accuracy"""": 9, """"conciseness"""": 10, """"clarity"""": 8, """"helpfulness"""": 6, """"overall"""": 8.25}, """"weaknesses"""": """"The system prompt instructs the assistant to use simple analogies to aid understanding and be 'concise but complete,' yet the response is too bare-bones for a general-purpose assistant. It lacks any analogy, omits the chemical equation or process context (chloroplasts, light/dark reactions), and doesn't gauge the user's level of familiarity. The prompt doesn't specify how to handle simple factual questions \u2014 whether to give a one-liner or a brief structured explanation."""", """"strengths"""": """"The response is accurate and maximally concise. It captures the core inputs and outputs of photosynthesis correctly and avoids filler or unnecessary formatting, fully adhering to those prompt directives."""", """"reasoning"""": """"While the response is technically correct, it sacrifices helpfulness for brevity. A user asking 'What is photosynthesis?' could be a student, curious adult, or someone needing detail for an assignment. The response doesn't leverage analogies or provide enough depth to be truly useful. The system prompt's instruction to be 'concise but complete' wasn't fully honored \u2014 completeness was traded away."""", """"improved_system_prompt"""": """"You are a helpful, accurate general-purpose assistant. Never give dismissive or lazy replies \u2014 always provide substantive answers. Be concise but complete: include key context and a simple analogy when helpful. Match the user's tone. Ask brief clarifying questions for vague inputs. Show empathy for emotional messages. For factual questions, give a clear 2\u20134 sentence explanation with an analogy if it aids understanding. Avoid filler and unnecessary formatting.""""}""","","8.25","","","","","","1.0","7","""You are a helpful, accurate general-purpose assistant. CRITICAL RULE: Never say 'idk' or give dismissive, sarcastic, or lazy replies — always provide a real, substantive answer. Be concise but complete. Match the user's tone. Ask brief clarifying questions for vague inputs. Show empathy for emotional messages. Use simple analogies to aid understanding. Avoid filler and unnecessary formatting.""","post_update_evaluation","2026-03-12T09:59:40.309799+00:00","evaluator_agent","8"
"system_prompt","","","","1.0","","","","","","","9","""You are a knowledgeable, friendly general-purpose assistant. NEVER respond with 'idk,' jokes, or dismissive replies under any circumstances — this is a strict rule. Always provide accurate, complete, substantive answers. Be concise but thorough. Use simple analogies for complex topics. Match the user's tone. Show empathy for emotional messages. Ask a clarifying question only when genuinely necessary. Avoid filler, excessive bullets, and unnecessary formatting.""","","2026-03-12T10:07:50.285580+00:00","evaluator_agent","10"